City_ID,City,Country,Date,Lat,Lng,Max Temp,Humidity,Cloudiness,Wind Speed
0,Ribeira Grande,PT,1/22/22 22:52,38.5167,-28.7,59.32,62,53,10.45
1,Ushuaia,AR,1/22/22 22:50,-54.8,-68.3,47.86,81,75,18.41
2,Faanui,PF,1/22/22 22:52,-16.4833,-151.75,81.3,76,100,16.33
3,Jamestown,US,1/22/22 22:52,42.097,-79.2353,24.39,36,100,13
4,Omboue,GA,1/22/22 22:52,-1.5746,9.2618,77.13,90,99,8.9
5,Forestville,US,1/22/22 22:52,38.8451,-76.875,29.98,36,0,0
6,Atuona,PF,1/22/22 22:52,-9.8,-139.0333,79.03,72,52,19.33
7,Jiuquan,CN,1/22/22 22:52,39.7432,98.5174,21.2,55,1,3.53
8,Qaanaaq,GL,1/22/22 22:52,77.484,-69.3632,-10.75,84,100,8.5
9,Tautira,PF,1/22/22 22:52,-17.7333,-149.15,75.22,77,100,21.05
10,Mastic Beach,US,1/22/22 22:52,40.7668,-72.8521,28.6,74,0,1.99
11,Batouri,CM,1/22/22 22:52,4.4333,14.3667,72.73,29,44,1.41
12,Hithadhoo,MV,1/22/22 22:52,-0.6,73.0833,82.56,68,52,16.91
13,Rikitea,PF,1/22/22 22:52,-23.1203,-134.9692,78.8,74,100,10.49
14,Nyurba,RU,1/22/22 22:52,63.2842,118.3319,-11.45,98,50,6.29
15,Tamandare,BR,1/22/22 22:52,-8.7597,-35.1047,79.95,75,35,8.08
16,Iralaya,HN,1/22/22 22:52,15,-83.2333,78.42,80,1,7.18
17,Upernavik,GL,1/22/22 22:52,72.7868,-56.1549,-10.25,65,87,7.31
18,Hermanus,ZA,1/22/22 22:52,-34.4187,19.2345,77.81,68,60,7.52
19,Booue,GA,1/22/22 22:52,-0.0921,11.9385,77.14,73,93,1.72
20,Tateyama,JP,1/22/22 22:52,34.9833,139.8667,40.1,61,86,8.57
21,Jiwani,PK,1/22/22 22:52,25.05,61.7417,59.2,35,0,12.48
22,Butaritari,KI,1/22/22 22:52,3.0707,172.7902,82.83,71,92,12.62
23,Alyangula,AU,1/22/22 22:52,-13.8483,136.4192,78.67,100,100,4.61
24,Salalah,OM,1/22/22 22:52,17.0151,54.0924,62.58,15,38,15.95
25,Punta Arenas,CL,1/22/22 22:47,-53.15,-70.9167,53.71,66,75,11.5
26,Poum,NC,1/22/22 22:52,-20.2333,164.0167,80.17,80,66,13.51
27,Hualmay,PE,1/22/22 22:52,-11.0964,-77.6139,73.29,80,41,8.05
28,Juba,SS,1/22/22 22:52,4.8517,31.5825,79.48,33,100,3.42
29,Cham,DE,1/22/22 22:52,49.245,12.6825,37.38,99,100,2.71
30,Port Alfred,ZA,1/22/22 22:52,-33.5906,26.891,72.37,74,0,26.75
31,Ullapool,GB,1/22/22 22:52,57.8987,-5.1604,51.94,86,100,13.94
32,Opuwo,NA,1/22/22 22:52,-18.0607,13.84,72.57,62,88,1.03
33,Bac Lieu,VN,1/22/22 22:52,9.285,105.7244,73.47,91,16,6.06
34,Carnarvon,AU,1/22/22 22:52,-24.8667,113.6333,75.27,64,25,10.36
35,Mataura,NZ,1/22/22 22:52,-46.1927,168.8643,57.47,45,74,7.02
36,Tasiilaq,GL,1/22/22 22:52,65.6145,-37.6368,0.12,46,3,16.75
37,Caconda,AO,1/22/22 22:52,-13.7333,15.0667,60.66,76,96,1.41
38,Bandarbeyla,SO,1/22/22 22:52,9.4942,50.8122,76.12,71,98,22.26
39,Sao Filipe,CV,1/22/22 22:52,14.8961,-24.4956,74.64,74,89,4.7
40,Mamlyutka,KZ,1/22/22 22:52,54.9375,68.5394,-7.53,98,100,2.33
41,Vaini,TO,1/22/22 22:52,-21.2,-175.2,84.36,89,75,9.22
42,Moron,AR,1/22/22 22:52,-34.6534,-58.6198,71.35,77,71,8.84
43,Kalakamati,BW,1/22/22 22:52,-20.5929,27.3121,60.75,71,2,13.09
44,Cape Town,ZA,1/22/22 22:51,-33.9258,18.4232,83.26,61,20,1.01
45,Sur,OM,1/22/22 22:52,22.5667,59.5289,65.26,58,0,11.25
46,Hobart,AU,1/22/22 22:52,-42.8794,147.3294,73.27,65,0,1.01
47,Tromso,NO,1/22/22 22:53,69.6496,18.957,41.65,81,75,8.01
48,Sao Felix Do Xingu,BR,1/22/22 22:53,-6.6447,-51.995,77.7,78,51,1.77
49,Huarmey,PE,1/22/22 22:51,-10.0681,-78.1522,74.1,78,34,8.72
50,Hilo,US,1/22/22 22:49,19.7297,-155.09,80.33,57,20,6.91
51,New Norfolk,AU,1/22/22 22:53,-42.7826,147.0587,72.91,53,65,1.01
52,Nosy Varika,MG,1/22/22 22:53,-20.5833,48.5333,78.21,91,100,9.26
53,Ahuimanu,US,1/22/22 22:53,21.4447,-157.8378,79.75,67,40,5.99
54,Dogondoutchi,NE,1/22/22 22:53,13.6393,4.0287,65.17,13,20,10.8
55,Olafsvik,IS,1/22/22 22:53,64.8945,-23.7142,35.13,69,100,30.36
56,Saint George,US,1/22/22 22:53,37.1041,-113.5841,61.27,28,0,4
57,Praia,CV,1/22/22 22:53,14.9215,-23.5087,72.14,83,75,11.5
58,Avarua,CK,1/22/22 22:53,-21.2078,-159.775,77.05,94,75,16.11
59,Broken Hill,AU,1/22/22 22:53,-31.95,141.4333,80.31,36,100,17.27
60,Norman Wells,CA,1/22/22 22:53,65.282,-126.8329,-2.16,65,75,10.36
61,Talnakh,RU,1/22/22 22:53,69.4865,88.3972,13.21,95,100,11.34
62,Thompson,CA,1/22/22 22:51,55.7435,-97.8558,-14.64,70,0,6.91
63,Isangel,VU,1/22/22 22:53,-19.55,169.2667,84.83,73,13,8.12
64,Dalbandin,PK,1/22/22 22:53,28.8947,64.4101,38.43,42,0,3.94
65,Adrar,MR,1/22/22 22:53,20.5022,-10.0711,66.74,16,94,11.27
66,Necochea,AR,1/22/22 22:52,-38.5473,-58.7368,68.31,95,100,11.03
67,Khatanga,RU,1/22/22 22:53,71.9667,102.5,14.2,94,100,12.82
68,Tutoia,BR,1/22/22 22:53,-2.7619,-42.2744,82.38,87,100,7.4
69,Lazaro Cardenas,MX,1/22/22 22:53,17.9583,-102.2,82.15,60,13,8.25
70,Shasta Lake,US,1/22/22 22:53,40.6804,-122.3708,69.96,33,0,7.9
71,Hearst,CA,1/22/22 22:52,49.6835,-83.6665,-1.95,92,100,10.45
72,Castro,BR,1/22/22 22:53,-24.7911,-50.0119,72.48,74,80,2.91
73,Chokurdakh,RU,1/22/22 22:53,70.6333,147.9167,-18.51,96,100,6.91
74,Rojhan,PK,1/22/22 22:53,28.6868,69.9534,50.47,74,0,6.31
75,Jutai,BR,1/22/22 22:53,-5.1833,-68.9,74.19,93,98,1.74
76,Marawi,PH,1/22/22 22:53,7.9986,124.2928,64.65,95,95,1.34
77,Ratnagiri,IN,1/22/22 22:51,16.9833,73.3,73.47,75,71,5.64
78,Albany,US,1/22/22 22:53,42.6001,-73.9662,19.98,67,76,1.57
79,East London,ZA,1/22/22 22:53,-33.0153,27.9116,72.66,71,0,18.07
80,Houma,US,1/22/22 22:53,29.5958,-90.7195,50,32,0,12.66
81,Acapulco,MX,1/22/22 22:49,16.8634,-99.8901,81.79,62,4,6.82
82,Hasaki,JP,1/22/22 22:53,35.7333,140.8333,32.29,79,100,8.81
83,Ketchikan,US,1/22/22 22:52,55.3422,-131.6461,43.27,93,100,13.8
84,Longyearbyen,SJ,1/22/22 22:53,78.2186,15.6401,22.24,89,83,7.47
85,Baza,ES,1/22/22 22:53,37.4907,-2.7726,45.73,88,32,5.99
86,Kaitangata,NZ,1/22/22 22:53,-46.2817,169.8464,57.92,56,54,8.95
87,Altamira,BR,1/22/22 22:53,-3.2033,-52.2064,77.77,80,96,1.88
88,Yellowknife,CA,1/22/22 22:53,62.456,-114.3525,-15.59,82,75,10.36
89,Sai Buri,TH,1/22/22 22:53,6.7013,101.6168,73.9,88,27,5.82
90,Airai,TL,1/22/22 22:53,-8.9266,125.4092,63.37,82,99,2.46
91,Cam Ranh,VN,1/22/22 22:54,11.9214,109.1591,71.56,94,20,3.44
92,Vardo,NO,1/22/22 22:54,70.3705,31.1107,27.93,83,100,36.44
93,Barrow,US,1/22/22 22:54,71.2906,-156.7887,-11.49,93,100,19.26
94,Tuktoyaktuk,CA,1/22/22 22:54,69.4541,-133.0374,-7.6,77,100,18.41
95,Synya,RU,1/22/22 22:54,65.3718,58.0387,3.11,94,74,7.43
96,Busselton,AU,1/22/22 22:54,-33.65,115.3333,71.1,46,4,6.73
97,Broome,US,1/22/22 22:50,42.2506,-75.833,22.46,46,0,1.01
98,Lebu,CL,1/22/22 22:54,-37.6167,-73.65,60.76,66,11,6.73
99,Vanimo,PG,1/22/22 22:54,-2.6741,141.3028,77.41,91,100,4.25
100,Ust-Nera,RU,1/22/22 22:54,64.5667,143.2,-38.16,100,68,3.98
101,Geraldton,AU,1/22/22 22:54,-28.7667,114.6,72.01,43,0,6.91
102,Manjacaze,MZ,1/22/22 22:54,-24.7117,33.8828,72.05,82,60,11.23
103,Ormara,PK,1/22/22 22:54,25.2088,64.6357,57.96,33,0,22.91
104,Plettenberg Bay,ZA,1/22/22 22:54,-34.0527,23.3716,74.73,61,15,6.33
105,Arraial Do Cabo,BR,1/22/22 22:50,-22.9661,-42.0278,76.96,83,0,13.8
106,Tuatapere,NZ,1/22/22 22:54,-46.1333,167.6833,57.81,59,72,7.4
107,Kapaa,US,1/22/22 22:54,22.0752,-159.319,76.98,77,100,1.01
108,Kavieng,PG,1/22/22 22:55,-2.5744,150.7967,83.91,71,89,4.43
109,Katsuura,JP,1/22/22 22:55,35.1333,140.3,40.19,58,93,8.86
110,Sandomierz,PL,1/22/22 22:55,50.6827,21.749,30.78,82,60,8.01
111,George Town,MY,1/22/22 22:54,5.4112,100.3354,79.9,91,20,0
112,Constitucion,CL,1/22/22 22:55,-35.3333,-72.4167,64.27,78,4,12.46
113,Fortuna,US,1/22/22 22:55,40.5982,-124.1573,74.08,42,0,1.99
114,Asau,RO,1/22/22 22:55,46.4333,26.4,26.4,77,99,3.49
115,Pevek,RU,1/22/22 22:55,69.7008,170.3133,-30.95,93,100,6.87
116,Sinnamary,GF,1/22/22 22:55,5.3833,-52.95,76.78,84,97,6.46
117,Nikolskoye,RU,1/22/22 22:55,59.7035,30.7861,19.29,100,95,0.87
118,Virginia Beach,US,1/22/22 22:51,36.8529,-75.978,34.02,88,40,8.05
119,Latung,PH,1/22/22 22:55,5.5,120.8833,80.53,80,100,5.55
120,Tiksi,RU,1/22/22 22:55,71.6872,128.8694,-6.65,95,100,9.26
121,Deputatskiy,RU,1/22/22 22:52,69.3,139.9,-7.37,97,100,4.63
122,Ahipara,NZ,1/22/22 22:55,-35.1667,173.1667,73.36,55,97,6.51
123,Eisenach,DE,1/22/22 22:55,50.9833,10.3167,40.17,90,100,5.7
124,Bambous Virieux,MU,1/22/22 22:55,-20.3428,57.7575,81.21,83,75,11.5
125,Asfi,MA,1/22/22 22:55,32.2994,-9.2372,62.46,72,75,9.37
126,Pandan,PH,1/22/22 22:55,14.0453,124.1694,77.04,83,84,9.84
127,Mount Isa,AU,1/22/22 22:55,-20.7333,139.5,80.37,83,75,5.75
128,Ulaanbaatar,MN,1/22/22 22:55,47.9077,106.8832,8.73,66,75,13.42
129,Raudeberg,NO,1/22/22 22:50,61.9875,5.1352,46.96,85,93,13
130,Tiarei,PF,1/22/22 22:55,-17.5333,-149.3333,75.22,78,100,19.39
131,Saskylakh,RU,1/22/22 22:55,71.9167,114.0833,3.11,97,97,4.79
132,Parnarama,BR,1/22/22 22:55,-5.6817,-43.0933,77.31,79,74,0.18
133,Nouakchott,MR,1/22/22 22:52,18.0858,-15.9785,80.53,28,73,12.55
134,Nanortalik,GL,1/22/22 22:55,60.1432,-45.2371,8.8,70,21,8.77
135,Maceio,BR,1/22/22 22:52,-9.6658,-35.7353,80.04,83,0,6.91
136,Puerto Lumbreras,ES,1/22/22 22:55,37.5633,-1.8097,49.98,91,100,4.45
137,Abu Samrah,SY,1/22/22 22:56,35.3029,37.1841,43.02,60,52,6.87
138,Bluff,NZ,1/22/22 22:56,-46.6,168.3333,57.79,64,50,12.8
139,Churapcha,RU,1/22/22 22:56,62.0025,132.4325,-16.51,99,100,1.79
140,Shingu,JP,1/22/22 22:56,33.7333,135.9833,43.79,56,100,3.67
141,Mandalgovi,MN,1/22/22 22:56,45.7625,106.2708,3.87,61,5,4.99
142,Victoria,HK,1/22/22 22:55,22.2855,114.1577,66.18,85,100,11.01
143,Manyana,BW,1/22/22 22:56,-23.4,21.7167,68.2,31,9,7.65
144,Saint-Philippe,RE,1/22/22 22:56,-21.3585,55.7679,80.19,84,79,15.9
145,Khash,IR,1/22/22 22:56,28.2211,61.2158,33.82,37,0,3.87
146,Sao Joao Da Barra,BR,1/22/22 22:56,-21.6403,-41.0511,76.33,84,1,9.42
147,Mossendjo,CG,1/22/22 22:56,-2.9506,12.7261,69.85,95,71,0.54
148,Mahebourg,MU,1/22/22 22:55,-20.4081,57.7,81.25,83,75,11.5
149,Bontang,ID,1/22/22 22:56,0.1333,117.5,75.56,91,14,5.23
150,Provideniya,RU,1/22/22 22:56,64.3833,-173.3,-0.74,100,96,5.88
151,Souillac,MU,1/22/22 22:56,-20.5167,57.5167,81.36,83,75,11.5
152,Turinsk,RU,1/22/22 22:56,58.0458,63.696,1.49,98,72,4.34
153,Qurayyat,SA,1/22/22 22:56,31.3318,37.3428,48.38,29,0,11.5
154,Nevel,RU,1/22/22 22:56,56.0209,29.9284,8.94,97,97,5.61
155,Bodden Town,KY,1/22/22 22:56,19.2833,-81.25,73.4,94,40,1.14
156,Devecser,HU,1/22/22 22:56,47.1032,17.438,28.11,93,36,4.21
157,Batticaloa,LK,1/22/22 22:56,7.7102,81.6924,71.28,76,20,4.94
158,Niquelandia,BR,1/22/22 22:56,-14.4739,-48.4597,76.24,74,70,1.88
159,Nome,US,1/22/22 22:56,64.5011,-165.4064,-7.33,100,96,2.06
160,Lexington,US,1/22/22 22:54,37.9887,-84.4777,30.34,91,38,7.87
161,Sakhipur,BD,1/22/22 22:56,24.3,90.1833,64.27,62,24,5.53
162,Lata,PT,1/22/22 22:56,40.1629,-8.3327,45.05,80,0,4.94
163,Truro,GB,1/22/22 22:56,50.2653,-5.0544,43.56,90,26,3.47
164,Klaksvik,FO,1/22/22 22:56,62.2266,-6.589,47.32,86,100,31.5
165,Vestmannaeyjar,IS,1/22/22 22:56,63.4427,-20.2734,35.69,98,100,4.16
166,Krasnozerskoye,RU,1/22/22 22:56,53.9828,79.2374,-8.5,100,98,3.78
167,Dhidhdhoo,MV,1/22/22 22:55,6.8833,73.1,80.44,67,100,6.55
168,Launceston,AU,1/22/22 22:56,-41.45,147.1667,67.8,69,76,3
169,Maniitsoq,GL,1/22/22 22:56,65.4167,-52.9,7.38,90,100,16.96
170,Dunedin,NZ,1/22/22 22:55,-45.8742,170.5036,60.8,58,59,11.01
171,Amlagora,IN,1/22/22 22:56,22.8333,87.3333,63.55,88,13,5.75
172,Chuy,UY,1/22/22 22:56,-33.6971,-53.4616,76.93,92,29,5.84
173,Santa Marta,CO,1/22/22 22:56,11.2408,-74.199,90.34,51,20,13.8
174,Narsaq,GL,1/22/22 22:56,60.9167,-46.05,-0.17,68,26,7.58
175,Dikson,RU,1/22/22 22:56,73.5069,80.5464,-6.77,100,93,7.92
176,Codrington,AU,1/22/22 22:56,-38.2667,141.9667,84.04,30,100,7.2
177,Luanda,AO,1/22/22 22:56,-8.8368,13.2343,75.34,81,100,10.92
178,Hailey,US,1/22/22 22:56,43.5196,-114.3153,2.05,72,10,1.01
179,Prince Rupert,CA,1/22/22 22:56,54.3161,-130.3201,50.09,46,100,16.11
180,Vao,NC,1/22/22 22:56,-22.6667,167.4833,77.14,86,15,11.01
181,Ascension,US,1/22/22 22:56,30.2169,-90.9001,50.02,32,0,9.22
182,Jumla,NP,1/22/22 22:56,29.2747,82.1838,27.68,93,96,5.91
183,Grindavik,IS,1/22/22 22:56,63.8424,-22.4338,34.27,100,75,23.02
184,Bintulu,MY,1/22/22 22:57,3.1667,113.0333,75.61,94,20,1.99
185,Bocas Del Toro,PA,1/22/22 22:57,9.3333,-82.25,86.07,80,29,6.58
186,Usinsk,RU,1/22/22 22:57,65.9939,57.5281,-1.53,98,79,10.49
187,Kavaratti,IN,1/22/22 22:57,10.5669,72.642,79.34,69,95,12.62
188,Kiunga,PG,1/22/22 22:57,-6.1219,141.2906,75.94,94,98,2.26
189,Cidreira,BR,1/22/22 22:57,-30.1811,-50.2056,77.45,86,6,20.94
190,Ancud,CL,1/22/22 22:57,-41.8697,-73.8203,55.22,91,83,22.62
191,Sal Rei,CV,1/22/22 22:57,16.1833,-22.9167,70.36,84,100,15.32
192,Zimovniki,RU,1/22/22 22:57,47.1483,42.4633,27.75,97,100,7.85
193,Margen,PH,1/22/22 22:57,11.0172,124.5283,75.09,90,90,3.13
194,Shubarkuduk,KZ,1/22/22 22:57,49.1447,56.4872,-1.97,87,4,4.68
195,Vila Velha,BR,1/22/22 22:53,-20.3297,-40.2925,79.45,79,40,8.05
196,Lasa,IT,1/22/22 22:57,46.6166,10.7002,35.02,91,46,7.38
197,Kandrian,PG,1/22/22 22:57,-6.2167,149.55,83.34,74,100,8.25
198,Vallenar,CL,1/22/22 22:57,-28.5708,-70.7581,80.67,32,0,6.8
199,Kota Kinabalu,MY,1/22/22 22:57,5.9749,116.0724,75.18,94,20,4.61
200,Atocha,BO,1/22/22 22:57,-20.9333,-66.2333,50.49,73,100,6.35
201,Leningradskiy,RU,1/22/22 22:57,69.3833,178.4167,-18.71,92,100,14.9
202,Matamoros,MX,1/22/22 22:57,25.5333,-103.25,65.1,39,1,13.53
203,Esperance,AU,1/22/22 22:57,-33.8667,121.9,64.24,74,58,2.71
204,Baykit,RU,1/22/22 22:57,61.67,96.37,0.07,100,100,1.03
205,Kaseda,JP,1/22/22 22:57,31.4167,130.3167,52.84,83,100,18.79
206,Puerto Ayora,EC,1/22/22 22:57,-0.7393,-90.3518,82.36,77,95,8.12
207,Saint-Augustin,CA,1/22/22 22:57,51.226,-58.6502,-3.33,100,18,3.13
208,Roebourne,AU,1/22/22 22:57,-20.7833,117.1333,86.76,58,56,0.25
209,Cherskiy,RU,1/22/22 22:57,68.75,161.3,-49,100,100,6.38
210,Bredasdorp,ZA,1/22/22 22:57,-34.5322,20.0403,77.29,94,14,0
211,Canutama,BR,1/22/22 22:54,-6.5339,-64.3831,74.88,93,100,1.45
212,Yar-Sale,RU,1/22/22 22:57,66.8333,70.8333,3.78,100,100,1.95
213,Ponta Do Sol,PT,1/22/22 22:57,32.6667,-17.1,64.71,80,63,4.7
214,Beringovskiy,RU,1/22/22 22:57,63.05,179.3167,-5.19,96,100,9.22
215,Port Lincoln,AU,1/22/22 22:57,-34.7333,135.8667,68.59,93,100,3.51
216,Soe,ID,1/22/22 22:57,-9.8607,124.284,68.47,83,100,3.53
217,Anklam,DE,1/22/22 22:57,53.8564,13.6897,37.06,95,98,5.75
218,Turukhansk,RU,1/22/22 22:57,65.8167,87.9833,6.94,94,100,12.46
219,Goure,NE,1/22/22 22:57,13.9835,10.2704,64.02,15,22,9.19
220,Tongchuan,CN,1/22/22 22:57,35.0806,109.0897,29.84,97,99,2.46
221,Jesup,US,1/22/22 22:57,31.6074,-81.8854,42.82,81,100,0
222,Zhanaozen,KZ,1/22/22 22:57,43.3,52.8,29.28,77,51,16.69
223,Jega,NG,1/22/22 22:57,12.2175,4.3792,68.43,13,10,12.17
224,Saint-Pierre,RE,1/22/22 22:57,-21.3393,55.4781,80.28,83,40,2.3
225,Pingdu,CN,1/22/22 22:57,36.7844,119.9464,31.44,86,93,7.49
226,Pisco,PE,1/22/22 22:57,-13.7,-76.2167,75.25,73,0,10.36
227,Egvekinot,RU,1/22/22 22:57,66.3167,-179.1667,-12.05,97,100,11.1
228,Aykhal,RU,1/22/22 22:58,66,111.5,-9.38,99,19,5.08
229,Hamilton,US,1/22/22 22:58,39.1834,-84.5333,32.11,52,98,1.99
230,Lingao,CN,1/22/22 22:58,19.9103,109.6859,69.22,92,96,6.85
231,Minsk,BY,1/22/22 22:53,53.9,27.5667,17.35,91,65,8.86
232,College,US,1/22/22 22:58,64.8569,-147.8028,21.29,88,98,0.92
233,Omoa,HN,1/22/22 22:58,15.7667,-88.0333,78.98,84,56,2.66
234,Tbilisskaya,RU,1/22/22 22:58,45.3633,40.19,27.95,96,100,11.72
235,Arawa,PG,1/22/22 22:58,-6.2132,155.5367,85.41,74,31,5.35
236,Port Elizabeth,ZA,1/22/22 22:58,-33.918,25.5701,72.1,83,0,9.22
237,San Quintin,MX,1/22/22 22:58,30.4833,-115.95,62.78,58,0,6.06
238,Lengshuijiang,CN,1/22/22 22:58,27.6881,111.4294,39.18,93,100,4.59
239,Christiana,ZA,1/22/22 22:58,-27.914,25.1611,69.04,33,96,14.5
240,Uyovu,TZ,1/22/22 22:58,-3.2833,31.5258,63.27,96,100,4.76
241,Tura,IN,1/22/22 22:58,25.5198,90.2201,57.72,68,97,3.69
242,Bayir,TR,1/22/22 22:58,37.2687,28.2167,32.52,90,98,10.18
243,Jining,CN,1/22/22 22:58,35.405,116.5814,34.14,90,100,8.21
244,Boa Vista,BR,1/22/22 22:55,2.8197,-60.6733,87.78,48,40,9.22
245,Sulaco,HN,1/22/22 22:58,14.9167,-87.2667,85.44,80,57,5.26
246,Mar Del Plata,AR,1/22/22 22:56,-38.0023,-57.5575,73.42,91,100,0
247,San Patricio,US,1/22/22 22:58,28.017,-97.5169,56.12,42,100,7.38
248,Padang,ID,1/22/22 22:58,-0.9492,100.3543,76.19,89,60,4.05
249,Alice Springs,AU,1/22/22 22:57,-23.7,133.8833,78.35,78,75,10.36
250,Nuuk,GL,1/22/22 22:58,64.1835,-51.7216,14.88,72,100,11.99
251,Tilichiki,RU,1/22/22 22:55,60.4667,166.1,-17.7,85,1,8.19
252,Sorland,NO,1/22/22 22:58,67.667,12.6934,39.94,88,100,27.07
253,Kindersley,CA,1/22/22 22:58,51.4668,-109.1682,35.38,86,100,5.75
254,Georgetown,MY,1/22/22 22:54,5.4112,100.3354,79.9,91,20,0
255,Laurel,US,1/22/22 22:58,39.0993,-76.8483,29.61,40,0,0
256,Kieta,PG,1/22/22 22:58,-6.2167,155.6333,84.81,74,27,7.96
257,General Roca,AR,1/22/22 22:59,-39.0333,-67.5833,82.8,27,0,30.11
258,Saldanha,ZA,1/22/22 22:59,-33.0117,17.9442,87.85,66,72,4.72
259,Severo-Kurilsk,RU,1/22/22 22:59,50.6789,156.125,27.77,73,85,16.69
260,Requena,ES,1/22/22 22:59,39.4883,-1.1004,39.7,87,28,1.74
261,Gisborne,NZ,1/22/22 22:59,-38.6533,178.0042,78.94,60,0,7.34
262,Vryburg,ZA,1/22/22 22:59,-26.9566,24.7284,68.68,28,98,8.88
263,Itarema,BR,1/22/22 22:59,-2.9248,-39.9167,79.72,77,75,10.29
264,Kodiak,US,1/22/22 22:59,57.79,-152.4072,38.71,100,100,0
265,Minab,IR,1/22/22 22:59,27.1467,57.0801,48.52,57,0,0
266,Solnechnyy,RU,1/22/22 22:59,50.7214,136.6319,-14.51,96,28,2.48
267,Emba,KZ,1/22/22 22:59,48.8264,58.1442,-0.99,98,36,5.39
268,Lorengau,PG,1/22/22 22:59,-2.0226,147.2712,81.82,81,97,5.61
269,Kahului,US,1/22/22 22:59,20.8947,-156.47,81.97,72,2,8.99
270,Mwense,ZM,1/22/22 22:59,-10.3845,28.698,65.14,97,90,1.83
271,Yaan,NG,1/22/22 23:00,7.3833,8.5667,79.93,17,14,5.44
272,Ashqelon,IL,1/22/22 23:00,31.6693,34.5715,51.93,66,9,13.2
273,Kailua,US,1/22/22 23:00,21.4022,-157.7394,80.02,71,49,4
274,Tonj,SS,1/22/22 23:00,7.2737,28.6822,75.74,27,100,4.54
275,Ostrovnoy,RU,1/22/22 23:00,68.0531,39.5131,13.66,92,25,21.79
276,Te Anau,NZ,1/22/22 23:00,-45.4167,167.7167,62.87,54,59,0.89
277,Vostok,RU,1/22/22 23:00,46.4856,135.8833,-18.22,99,65,4
278,Turbat,PK,1/22/22 23:00,26.0023,63.044,50.85,30,0,11.03
279,Mariental,NA,1/22/22 23:00,-24.6333,17.9667,81.19,28,84,13.51
280,Ubinskoye,RU,1/22/22 23:00,55.3068,79.6802,-8.97,100,66,2.59
281,Torbay,CA,1/22/22 23:00,47.6666,-52.7314,20.39,86,69,8.01
282,Soyo,AO,1/22/22 23:00,-6.1349,12.3689,76.55,85,45,6.2
283,Serenje,ZM,1/22/22 23:00,-13.2325,30.2352,57.49,97,20,4.18
284,Callaway,US,1/22/22 23:00,30.153,-85.5699,43.92,61,0,9.31
285,Wawa,NG,1/22/22 22:56,9.9022,4.4192,77.97,21,1,9.6
286,Turayf,SA,1/22/22 23:00,31.6725,38.6637,39.92,47,5,6.38
287,Sao Geraldo Do Araguaia,BR,1/22/22 23:00,-6.4006,-48.555,75.51,92,41,2.82
288,Cabo San Lucas,MX,1/22/22 22:55,22.8909,-109.9124,80.51,46,24,4
289,Erenhot,CN,1/22/22 23:00,43.6475,111.9767,6.13,76,83,9.82
290,Sept-Iles,CA,1/22/22 23:00,50.2001,-66.3821,5.05,79,40,1.01
291,Casablanca,MA,1/22/22 23:00,33.5928,-7.6192,62.33,63,83,4
292,Sheremetyevskiy,RU,1/22/22 23:00,55.98,37.4911,24.91,93,100,11.18
293,Brae,GB,1/22/22 23:00,60.3964,-1.353,48.11,83,57,21.68
294,Monte Alegre De Sergipe,BR,1/22/22 23:00,-10.0272,-37.5622,77.27,72,43,12.95
295,Los Llanos De Aridane,ES,1/22/22 23:00,28.6585,-17.9182,60.55,85,0,5.01
296,Santa Cruz De Tenerife,ES,1/22/22 23:00,28.4682,-16.2546,65.21,91,20,1.99
297,Hami,CN,1/22/22 23:00,42.8,93.45,23.32,55,4,3.6
298,Korla,CN,1/22/22 23:00,41.7597,86.1469,23.74,62,55,5.06
299,Santa Barbara,US,1/22/22 22:56,34.7333,-120.0343,63,33,0,0
300,Kajaani,FI,1/22/22 23:00,64.2273,27.7285,14.05,92,0,9.22
301,Anchorage,US,1/22/22 22:58,61.2181,-149.9003,45.61,84,75,3
302,Kamaishi,JP,1/22/22 23:00,39.2667,141.8833,18.55,63,100,2.98
303,Kenai,US,1/22/22 23:00,60.5544,-151.2583,36.09,96,100,7.38
304,Ayagoz,KZ,1/22/22 23:00,47.9714,80.4392,-12.37,96,25,4.81
305,Namibe,AO,1/22/22 23:00,-15.1961,12.1522,73.44,88,100,6.73
306,Ponta Delgada,PT,1/22/22 23:00,37.7333,-25.6667,60.49,67,75,5.75
307,Fort-Shevchenko,KZ,1/22/22 23:00,44.5086,50.263,38.5,71,100,25.34
308,Mujiayingzi,CN,1/22/22 23:00,42.1167,118.7833,11.39,75,4,1.03
309,Senador Jose Porfirio,BR,1/22/22 23:00,-2.5908,-51.9542,77,84,93,2.75
310,Tadine,NC,1/22/22 23:00,-21.55,167.8833,83.14,74,21,4.99
311,Bud,US,1/22/22 23:00,39.447,-86.1758,32.02,60,68,9.42
312,Jurado,CO,1/22/22 23:00,7.1053,-77.7641,79.09,88,75,2.77
313,Teykovo,RU,1/22/22 23:00,56.858,40.5369,7.74,98,93,4.16
314,Ust-Maya,RU,1/22/22 23:00,60.4167,134.5333,-12.21,99,100,0.45
315,Iskateley,RU,1/22/22 23:00,67.6803,53.1512,14.18,96,100,9.01
316,Shimoda,JP,1/22/22 23:00,34.6667,138.95,40.1,69,82,4.12
317,Iqaluit,CA,1/22/22 23:00,63.7506,-68.5145,2.7,65,100,5.01
318,Gizo,SB,1/22/22 23:01,-8.103,156.8419,84.36,74,22,9.31
319,Khandyga,RU,1/22/22 23:01,62.6667,135.6,-35.54,100,100,0.94
320,Ylivieska,FI,1/22/22 23:01,64.0833,24.55,31.32,90,97,10.54
321,Bethel,US,1/22/22 23:01,41.3712,-73.414,26.55,68,46,2.46
322,Aketi,CD,1/22/22 23:01,2.7388,23.7833,69.6,50,62,1.32
323,Flin Flon,CA,1/22/22 23:01,54.7682,-101.865,-13.36,95,8,3.65
324,Luocheng,CN,1/22/22 23:01,29.3848,104.0286,47.48,92,100,2.35
325,Aripuana,BR,1/22/22 23:01,-9.1667,-60.6333,75.11,93,45,3
326,San Cristobal,VE,1/22/22 23:00,7.7669,-72.225,71.53,73,25,3.04
327,Aksarka,RU,1/22/22 23:01,66.5606,67.7975,0.18,96,90,2.75
328,Muriwai Beach,NZ,1/22/22 23:01,-36.8167,174.45,79.86,57,99,5.39
329,Laguna,US,1/22/22 23:01,38.421,-121.4238,70.09,62,0,1.01
330,Cayenne,GF,1/22/22 23:00,4.9333,-52.3333,76.08,92,100,2.3
331,Chemax,MX,1/22/22 23:01,20.65,-87.9333,71.2,95,95,4
332,Hirado,JP,1/22/22 23:01,33.3597,129.5531,45.39,93,100,18.01
333,Oxelosund,SE,1/22/22 23:01,58.6706,17.1015,25.52,86,0,3.44
334,Sisimiut,GL,1/22/22 23:01,66.9395,-53.6735,6.15,72,100,17.22
335,Trairi,BR,1/22/22 23:01,-3.2778,-39.2689,78.87,79,60,7.02
336,Taltal,CL,1/22/22 23:00,-25.4,-70.4833,69.37,72,6,7.52
337,Tymovskoye,RU,1/22/22 23:01,50.8456,142.655,-7.37,96,17,0.81
338,Smoky Lake,CA,1/22/22 23:01,54.1169,-112.4686,34.48,97,99,5.14
339,Hobyo,SO,1/22/22 23:01,5.3505,48.5268,77.07,76,90,20.51
340,Walvis Bay,NA,1/22/22 23:01,-22.9575,14.5053,73.09,78,95,5.06
341,Kashan,IR,1/22/22 23:01,33.9831,51.4364,36.82,30,0,1.07
342,Port Blair,IN,1/22/22 23:01,11.6667,92.75,74.05,79,8,4.12
343,Carmen,MX,1/22/22 23:01,18.6333,-91.8333,74.43,82,50,4.61
344,Auki,SB,1/22/22 23:01,-8.7676,160.7034,85.87,69,11,7.05
345,Elko,US,1/22/22 23:00,41.0002,-115.5012,32.05,72,5,3
346,Whitehorse,CA,1/22/22 23:00,60.7161,-135.0538,37.09,74,29,6.8
347,Kyren,RU,1/22/22 23:01,51.6828,102.1408,9.91,98,100,0.96
348,Faya,SA,1/22/22 23:01,18.3851,42.4509,50.97,45,74,6.06
349,Kaoma,ZM,1/22/22 23:01,-14.7833,24.8,62.06,93,49,7.11
350,Huron,US,1/22/22 23:01,41.1501,-82.5499,27.32,65,100,15.95
351,Padilla,CO,1/22/22 23:01,3.2204,-76.3139,74.77,86,51,1.79
352,Kamenka,RU,1/22/22 23:01,51.3223,42.7678,18.75,95,100,5.28
353,Anderson,US,1/22/22 22:59,34.5334,-82.6499,41.38,69,6,4.56
354,Buchanan,LR,1/22/22 23:01,5.8808,-10.0467,77.97,83,21,5.57
355,Kirkwood,US,1/22/22 23:01,38.5834,-90.4068,38.98,51,20,8.05
356,Alvand,IR,1/22/22 23:01,36.3187,49.1678,14.77,60,1,7.54
357,Ada,US,1/22/22 23:01,43.4166,-116.1262,35.65,79,47,13
358,Mananjary,MG,1/22/22 23:01,-21.2167,48.3333,77.49,91,100,9.91
359,Dongsheng,CN,1/22/22 23:01,39.8161,109.9776,20.88,86,87,1.45
360,Machali,CL,1/22/22 22:58,-34.1833,-70.6667,79.88,21,0,10.36
361,Hambantota,LK,1/22/22 23:01,6.1241,81.1185,71.24,80,82,5.03
362,Hindang,PH,1/22/22 23:01,10.4342,124.7292,77.07,87,98,5.32
363,High Level,CA,1/22/22 23:01,58.5169,-117.136,1.51,78,100,11.5
364,Tamworth,GB,1/22/22 23:02,52.634,-1.6959,43.12,91,72,5.66
365,Berlevag,NO,1/22/22 23:02,70.8578,29.0864,26.65,89,100,35.66
366,Murupara,NZ,1/22/22 23:02,-38.4667,176.7,75.27,39,25,4.03
367,Abu Kamal,SY,1/22/22 23:02,34.4506,40.9171,40.91,49,0,11.32
368,Makakilo City,US,1/22/22 23:02,21.3469,-158.0858,78.62,58,10,9.73
369,Pitimbu,BR,1/22/22 23:02,-7.4706,-34.8086,80.65,74,9,10.58
370,Meulaboh,ID,1/22/22 23:02,4.1363,96.1285,75.43,88,42,3.49
371,Mporokoso,ZM,1/22/22 23:02,-9.3727,30.125,59.52,96,78,2.33
372,Ucluelet,CA,1/22/22 23:00,48.9329,-125.5528,46.09,85,78,2.04
373,Mogocha,RU,1/22/22 23:02,53.7333,119.7667,-15.43,95,14,3.06
374,Port Hawkesbury,CA,1/22/22 23:02,45.6169,-61.3485,22.91,81,100,3
375,Sulangan,PH,1/22/22 23:02,11.1373,123.7228,78.98,82,66,12.41
376,Santa Maria,BR,1/22/22 23:02,-29.6842,-53.8069,90.12,37,51,5.26
377,Kirkwall,GB,1/22/22 23:03,58.9848,-2.9587,48.54,87,40,6.91
378,Moerai,PF,1/22/22 23:03,-22.4333,-151.3333,79.83,74,100,19.51
379,Kirakira,SB,1/22/22 23:03,-10.4544,161.9205,85.33,73,81,9.53
380,Cockburn Town,TC,1/22/22 23:03,21.4612,-71.1419,78.3,71,14,14.05
381,San Juan,AR,1/22/22 23:03,-31.5375,-68.5364,94.23,26,6,13.62
382,Nyimba,ZM,1/22/22 23:03,-14.5566,30.8149,64.51,79,21,5.08
383,Lenoir,US,1/22/22 23:03,35.2335,-77.6497,33.71,81,0,3.44
384,Muravlenko,RU,1/22/22 23:03,63.7898,74.523,8.53,95,100,10.67
385,Kalispell,US,1/22/22 23:01,48.1958,-114.3129,38.77,73,40,1.99
386,Taoudenni,ML,1/22/22 23:03,22.6783,-3.9836,66.22,21,89,10.96
387,Ayan,RU,1/22/22 23:03,56.45,138.1667,4.6,62,83,14.43
388,Roald,NO,1/22/22 23:03,62.5833,6.1333,50.05,81,0,18.41
389,Touros,BR,1/22/22 23:03,-5.1989,-35.4608,79.97,71,2,11.41
390,Banjar,ID,1/22/22 23:03,-8.19,114.9675,80.46,91,99,3.2
391,Toora-Khem,RU,1/22/22 23:03,52.4675,96.11,-6.47,100,96,3.22
392,North Bend,US,1/22/22 23:03,43.4065,-124.2243,64.31,68,0,3.44
393,Otjiwarongo,NA,1/22/22 23:03,-20.4637,16.6477,72.14,33,100,9.78
394,Sibolga,ID,1/22/22 23:03,1.7427,98.7792,75.04,88,59,3.47
395,Sussex,US,1/22/22 23:03,41.1834,-74.6663,26.73,59,0,0
396,Alofi,NU,1/22/22 23:00,-19.0595,-169.9187,81.43,78,67,13.65
397,Lagoa,PT,1/22/22 23:03,39.05,-27.9833,58.08,61,100,7.58
398,Port Hedland,AU,1/22/22 23:03,-20.3167,118.5667,84.25,89,75,5.75
399,Marzuq,YE,1/22/22 23:03,14.4,46.4667,57.92,65,9,1.68
400,Dakar,SN,1/22/22 23:03,14.6937,-17.4441,77.88,56,71,16.44
401,Saint-Joseph,RE,1/22/22 23:03,-21.3667,55.6167,79.18,81,67,14.63
402,Linqiong,CN,1/22/22 23:03,30.4159,103.4609,46.31,86,99,3.27
403,Sidi Ali,DZ,1/22/22 23:03,36.0998,0.4206,47.97,69,0,9.6
404,West Wendover,US,1/22/22 23:03,40.7391,-114.0733,37.13,46,4,3
405,Crotone,IT,1/22/22 23:03,39.0851,17.1178,37.92,59,8,20.58
406,Ugoofaaru,MV,1/22/22 23:03,5.6667,73,80.98,64,100,7.14
407,Ula,IN,1/22/22 23:03,22.7225,88.5556,62.58,100,40,0
408,Verkhnyaya Inta,RU,1/22/22 23:04,65.9811,60.3094,6.75,94,93,9.8
409,Batagay-Alyta,RU,1/22/22 23:04,67.8006,130.4114,-3.55,84,100,5.35
410,Mirzapur,IN,1/22/22 23:04,25.15,82.5833,55.33,89,42,7.14
411,Aklavik,CA,1/22/22 23:04,68.2191,-135.0107,-6.12,96,100,11.92
412,Wanning,CN,1/22/22 23:04,18.8003,110.3967,70.12,93,69,4.07
413,Goderich,CA,1/22/22 23:00,43.7501,-81.7165,26.91,80,100,29.19
414,Lukang,TW,1/22/22 23:04,24.0567,120.4352,68.43,95,96,2.89
415,Avera,US,1/22/22 23:04,33.194,-82.5271,40.87,84,44,1.3
416,Dingle,PH,1/22/22 23:04,10.9995,122.6711,74.53,92,27,7.34
417,Valley City,US,1/22/22 23:04,46.9233,-98.0032,7.79,85,100,9.22
418,Mamallapuram,IN,1/22/22 23:04,12.6264,80.1722,77.05,81,12,9.26
419,Mizdah,LY,1/22/22 23:04,31.4451,12.9801,44.29,84,0,6.76
420,Matara,LK,1/22/22 23:04,5.9485,80.5353,71.28,88,85,3.29
421,Luderitz,NA,1/22/22 23:04,-26.6481,15.1594,81.03,57,99,7.18
422,Ambanja,MG,1/22/22 23:04,-13.6833,48.45,75.7,95,100,8.08
423,Xai-Xai,MZ,1/22/22 23:04,-25.0519,33.6442,74.1,78,62,16.64
424,Cambridge,CA,1/22/22 23:02,43.3601,-80.3127,21.76,85,100,4
425,Mitsamiouli,KM,1/22/22 23:04,-11.3847,43.2844,79.5,81,100,12.39
426,Yatou,CN,1/22/22 23:04,37.15,122.3833,32.85,80,99,11.56
427,Menongue,AO,1/22/22 23:04,-14.6585,17.691,64.24,75,94,2.75
428,Omsukchan,RU,1/22/22 23:04,62.5333,155.8,-36.27,99,25,4.88
429,Jinchang,CN,1/22/22 23:04,38.4953,102.1739,22.01,50,37,1.45
430,Guerrero Negro,MX,1/22/22 23:03,27.9769,-114.0611,66.74,52,5,4.29
431,Pascagoula,US,1/22/22 23:01,30.3658,-88.5561,48.72,52,0,8.61
432,San Policarpo,PH,1/22/22 23:04,12.1791,125.5072,79.25,82,92,10.74
433,Wahiawa,US,1/22/22 23:00,21.5028,-158.0236,76.77,62,25,7.16
434,Mumford,GH,1/22/22 23:04,5.2618,-0.759,78.55,81,0,5.93
435,Apastovo,RU,1/22/22 23:04,55.2029,48.5109,21.51,93,100,13.85
436,Tabou,CI,1/22/22 23:04,4.423,-7.3528,78.42,82,5,9.95
437,Martapura,ID,1/22/22 23:04,-3.4167,114.85,73.49,100,20,1.14
438,Quatre Cocos,MU,1/22/22 23:04,-20.2078,57.7625,81.09,75,83,14.16
439,Aksu,CN,1/22/22 23:04,41.1231,80.2644,23.77,56,77,3.38
440,Tres Coracoes,BR,1/22/22 23:04,-21.6969,-45.2533,68.83,89,22,3.02
441,Ilulissat,GL,1/22/22 23:04,69.2167,-51.1,3.22,55,29,23.02
442,Namatanai,PG,1/22/22 23:04,-3.6667,152.4333,84.02,70,15,2.59
443,Fukue,JP,1/22/22 23:04,32.6881,128.8419,53.89,94,100,20.11
444,Kattivakkam,IN,1/22/22 23:01,13.2167,80.3167,77.09,92,25,8.97
445,Tuensang,IN,1/22/22 23:04,26.2833,94.8333,44.04,91,75,3.27
446,Sorata,BO,1/22/22 23:04,-15.7667,-68.6333,49.01,92,93,6.64
447,Chabahar,IR,1/22/22 23:04,25.2919,60.643,59.72,32,0,7.99
448,Palmer,US,1/22/22 23:02,42.1584,-72.3287,23.56,64,36,0.85
449,Avon Park,US,1/22/22 23:00,27.5959,-81.5062,58.05,92,100,10.02
450,Cumpas,MX,1/22/22 23:04,29.9833,-109.7833,65.21,29,0,18.9
451,The Valley,AI,1/22/22 23:05,18.217,-63.0578,77.83,71,1,17.2
452,Umm Lajj,SA,1/22/22 23:05,25.0213,37.2685,64.72,58,0,10.67
453,Rosarito,MX,1/22/22 23:05,32.3333,-117.0333,73.2,35,11,4.34
454,Cap Malheureux,MU,1/22/22 23:05,-19.9842,57.6142,81.46,82,40,5.99
455,Statesboro,US,1/22/22 23:05,32.4488,-81.7832,42.94,70,100,4.61
456,Buraydah,SA,1/22/22 23:05,26.326,43.975,49.41,31,0,7.92
457,Ewa Beach,US,1/22/22 23:05,21.3156,-158.0072,82.35,58,20,8.05
458,Unai,BR,1/22/22 23:05,-16.3575,-46.9061,76.39,73,93,1.66
459,Lososina,RU,1/22/22 23:05,48.9975,140.3106,3.15,82,22,4.59
460,Pishva,IR,1/22/22 23:05,35.308,51.7267,31.21,37,0,1.61
461,Lavrentiya,RU,1/22/22 23:05,65.5833,-171,1.36,98,100,5.68
462,Bela Palanka,RS,1/22/22 23:05,43.2183,22.3111,27.19,99,76,3.8
463,Yarada,IN,1/22/22 23:05,17.65,83.2667,70.12,100,20,2.3
464,Ojinaga,MX,1/22/22 23:05,29.5667,-104.4167,58.57,35,0,17.27
465,Noyabrsk,RU,1/22/22 23:05,63.1994,75.4507,3.34,97,100,9.01
466,Paamiut,GL,1/22/22 23:05,61.994,-49.6678,10.98,73,100,12.01
467,Roma,US,1/22/22 23:02,43.2128,-75.4557,24.66,53,0,4.61
468,Hirara,JP,1/22/22 23:05,24.8,125.2833,71.44,85,99,21.3
469,Nouadhibou,MR,1/22/22 23:05,20.931,-17.0347,66.36,79,36,11.83
470,Krasnoselkup,RU,1/22/22 23:05,65.7,82.4667,6.31,94,100,12.82
471,Coron,PH,1/22/22 23:05,11.9986,120.2043,78.89,78,97,11.27
472,Muros,ES,1/22/22 23:05,42.7762,-9.0603,48.24,84,3,5.59
473,Yairipok,IN,1/22/22 23:05,24.6667,94.0667,46.94,70,51,0.85
474,Neka,IR,1/22/22 23:05,36.6508,53.299,39.83,54,0,4.9
475,Anadyr,RU,1/22/22 23:05,64.75,177.4833,-4,83,100,4
476,Boende,CD,1/22/22 23:05,-0.2167,20.8667,76.35,48,77,1.45
477,Cooma,AU,1/22/22 23:05,-36.2333,149.1333,64.17,72,40,11.5
478,Ornskoldsvik,SE,1/22/22 23:02,63.2909,18.7153,27.55,100,100,4.61
479,Chachapoyas,PE,1/22/22 23:08,-6.2317,-77.869,60.08,91,88,3.78
480,Male,MV,1/22/22 23:08,4.1748,73.5089,80.67,64,93,8.52
481,Pundaguitan,PH,1/22/22 23:08,6.3711,126.1689,80.02,77,100,8.34
482,Thomasville,US,1/22/22 23:08,35.8826,-80.082,30.9,54,1,2.24
483,Thap Khlo,TH,1/22/22 23:08,16.16,100.5966,75.83,80,97,1.34
484,Ruhengeri,RW,1/22/22 23:08,-1.4998,29.635,60.94,84,100,1.77
485,Shakawe,BW,1/22/22 23:08,-18.3667,21.85,69.26,45,65,6.64
486,Riyadh,SA,1/22/22 23:08,24.6877,46.7219,46.54,27,0,6.53
487,Strelka,RU,1/22/22 23:08,58.0728,93.0344,-13.34,100,100,2.3
488,Arona,ES,1/22/22 23:08,28.0996,-16.681,58.32,85,20,1.01
489,Bilibino,RU,1/22/22 23:08,68.0546,166.4372,-39.64,98,93,1.63
490,Mahajanga,MG,1/22/22 23:08,-15.7167,46.3167,77.02,88,40,11.5
491,Zhongshu,CN,1/22/22 23:08,24.5167,103.7667,40.89,94,6,3.33
492,Presidencia Roque Saenz Pena,AR,1/22/22 23:08,-26.7852,-60.4388,99.68,24,79,8.23
493,Axim,GH,1/22/22 23:08,4.8699,-2.2405,78.28,80,0,8.93
494,Clyde River,CA,1/22/22 23:08,70.4692,-68.5914,-17.84,96,100,5.12
495,Dubbo,AU,1/22/22 23:04,-32.25,148.6167,71.73,64,14,12.66
496,Phan Thiet,VN,1/22/22 23:08,10.9333,108.1,69.58,86,8,3.58
497,Derzhavinsk,KZ,1/22/22 23:08,51.1,66.3167,3,87,96,7.67
498,Kormilovka,RU,1/22/22 23:09,55.0026,74.1028,-4.25,100,80,1.81
499,Red Bluff,US,1/22/22 23:09,40.1785,-122.2358,73.53,17,0,10.36
500,La Ronge,CA,1/22/22 23:09,55.1001,-105.2842,-10.59,95,47,1.34
501,Ixtapa,MX,1/22/22 23:09,20.7,-105.2,79.23,73,0,8.05
502,Nanchong,CN,1/22/22 23:09,30.7951,106.0847,47.93,89,100,3.27
503,Djambala,CG,1/22/22 23:09,-2.5447,14.7533,71.44,76,99,2.08
504,Mayor Pablo Lagerenza,PY,1/22/22 23:09,-19.9309,-60.7718,92.41,38,43,13.67
505,Nieuw Amsterdam,SR,1/22/22 23:09,5.8833,-55.0833,76.01,93,40,0
506,Lima,PE,1/22/22 23:09,-12.0432,-77.0282,75.38,79,0,1.99
507,Champerico,GT,1/22/22 23:09,14.3,-91.9167,88.75,62,0,10.31
508,Tarnogskiy Gorodok,RU,1/22/22 23:09,60.4997,43.5761,-5.49,100,69,2.73
509,Botwood,CA,1/22/22 23:05,49.1499,-55.3482,18.9,82,9,2.17
510,Dargaville,NZ,1/22/22 23:05,-35.9333,173.8833,77.14,43,99,6.51
511,Dwarka,IN,1/22/22 23:05,22.2394,68.9678,66.42,49,0,20.94
512,Ilhabela,BR,1/22/22 23:09,-23.7781,-45.3581,76.84,87,54,9.37
513,Pangai,TO,1/22/22 23:09,-19.8,-174.35,81.1,80,55,14.65
514,Karasburg,NA,1/22/22 23:09,-28.0167,18.75,75.51,54,99,11.86
515,Srednekolymsk,RU,1/22/22 23:09,67.45,153.6833,-40.88,100,99,5.5
516,Vilyuysk,RU,1/22/22 23:09,63.7553,121.6247,-19.08,100,43,4.03
517,Surt,LY,1/22/22 23:09,31.2089,16.5887,57.25,71,47,15.28
518,Yumen,CN,1/22/22 23:09,40.2833,97.2,19.9,56,0,4.63
519,Tyup,KG,1/22/22 23:09,42.7276,78.3648,16.61,74,94,5.79
520,Ranot,TH,1/22/22 23:09,7.7777,100.3213,77.99,79,21,4.94
521,Sitka,US,1/22/22 23:09,57.0531,-135.33,44.49,87,100,11.5
522,Shirokiy,RU,1/22/22 23:09,49.758,129.523,-25.91,100,83,2.28
523,Sola,VU,1/22/22 23:09,-13.8833,167.55,84.13,73,46,16.02
524,Antofagasta,CL,1/22/22 23:09,-23.65,-70.4,65.48,79,35,8.52
525,Kijang,KR,1/22/22 23:09,35.2442,129.2139,45.99,70,100,5.66
526,Ewo,CG,1/22/22 23:09,-0.8725,14.8206,78.37,61,98,3.42
527,Matagami,CA,1/22/22 23:09,49.7502,-77.6328,13.6,93,100,12.12
528,Cabo Rojo,PR,1/22/22 23:09,18.0866,-67.1457,79.25,75,46,1.99
529,Gushikawa,JP,1/22/22 23:09,26.3544,127.8686,64.4,95,100,17.27
530,Svetlyy,RU,1/22/22 23:09,54.675,20.1347,32.97,77,100,12.64
531,Kerrville,US,1/22/22 23:06,30.0474,-99.1403,52.45,38,100,5.75
532,Cedral,MX,1/22/22 23:09,23.8,-100.7333,58.24,60,27,16.84
533,Bria,CF,1/22/22 23:09,6.5423,21.9863,70,33,1,4.5
534,Dongli,CN,1/22/22 23:09,23.5656,116.8194,62.42,91,100,1.5
535,Monterey,US,1/22/22 23:09,36.2505,-121.2516,63.27,32,5,3.83
536,Taszar,HU,1/22/22 23:09,46.3747,17.9059,28.58,87,1,3.71
537,Reconquista,AR,1/22/22 23:09,-29.15,-59.65,98.53,26,59,8.16
538,Portland,US,1/22/22 23:06,45.5234,-122.6762,54.19,74,20,1.99
539,Sembakung,ID,1/22/22 23:09,3.8167,117.25,76.93,99,83,0.65
540,Sinazongwe,ZM,1/22/22 23:09,-17.2614,27.4618,72.95,64,27,2.42
541,Dicabisagan,PH,1/22/22 23:10,17.0818,122.4157,74.53,85,65,2.93
542,Angren,UZ,1/22/22 23:10,41.0167,70.1436,30.15,79,99,0.74
543,Maldonado,UY,1/22/22 23:07,-34.6667,-54.9167,76.39,94,28,11.97